n,degree,method,time_ms,m
3,2,Direct Cached,0.141143798828125,10
3,2,Incremental Cached,0.28777122497558594,10
3,3,Direct Cached,0.04935264587402344,20
3,3,Incremental Cached,0.19359588623046875,20
3,4,Direct Cached,0.06842613220214844,35
3,4,Incremental Cached,0.30159950256347656,35
4,2,Direct Cached,0.03695487976074219,15
4,2,Incremental Cached,0.06937980651855469,15
4,3,Direct Cached,0.054836273193359375,35
4,3,Incremental Cached,0.2930164337158203,35
4,4,Direct Cached,0.09584426879882812,70
4,4,Incremental Cached,0.3707408905029297,70
5,2,Direct Cached,0.056743621826171875,21
5,2,Incremental Cached,0.09369850158691406,21
5,3,Direct Cached,0.09202957153320312,56
5,3,Incremental Cached,0.18095970153808594,56
5,4,Direct Cached,0.22482872009277344,126
5,4,Incremental Cached,0.34236907958984375,126
6,2,Direct Cached,0.05888938903808594,28
6,2,Incremental Cached,0.10156631469726562,28
6,3,Direct Cached,0.1418590545654297,84
6,3,Incremental Cached,0.20933151245117188,84
6,4,Direct Cached,0.44417381286621094,210
6,4,Incremental Cached,2.007007598876953,210
7,2,Direct Cached,0.06723403930664062,36
7,2,Incremental Cached,0.10371208190917969,36
7,3,Direct Cached,0.1590251922607422,120
7,3,Incremental Cached,0.2560615539550781,120
7,4,Direct Cached,0.9701251983642578,330
7,4,Incremental Cached,32.29784965515137,330
8,2,Direct Cached,0.087738037109375,45
8,2,Incremental Cached,6.151676177978516,45
8,3,Direct Cached,0.28204917907714844,165
8,3,Incremental Cached,10.774612426757812,165
8,4,Direct Cached,5.489110946655273,495
8,4,Incremental Cached,72.95918464660645,495
9,2,Direct Cached,0.12373924255371094,55
9,2,Incremental Cached,23.813962936401367,55
9,3,Direct Cached,0.3943443298339844,220
9,3,Incremental Cached,8.18324089050293,220
9,4,Direct Cached,111.31882667541504,715
9,4,Incremental Cached,34.92593765258789,715
10,2,Direct Cached,0.10180473327636719,66
10,2,Incremental Cached,7.763862609863281,66
10,3,Direct Cached,1.626729965209961,286
10,3,Incremental Cached,42.859554290771484,286
10,4,Direct Cached,112.79416084289551,1001
10,4,Incremental Cached,133.48889350891113,1001
11,2,Direct Cached,0.1239776611328125,78
11,2,Incremental Cached,0.362396240234375,78
11,3,Direct Cached,0.9315013885498047,364
11,3,Incremental Cached,44.23046112060547,364
11,4,Direct Cached,114.654541015625,1365
11,4,Incremental Cached,212.5260829925537,1365
12,2,Direct Cached,0.13709068298339844,91
12,2,Incremental Cached,3.088712692260742,91
12,3,Direct Cached,50.368547439575195,455
12,3,Incremental Cached,101.13716125488281,455
12,4,Direct Cached,119.72451210021973,1820
12,4,Incremental Cached,344.6643352508545,1820
13,2,Direct Cached,0.1385211944580078,105
13,2,Incremental Cached,1.9757747650146484,105
13,3,Direct Cached,110.88252067565918,560
13,3,Incremental Cached,26.98826789855957,560
13,4,Direct Cached,433.20226669311523,2380
13,4,Incremental Cached,262.6168727874756,2380
14,2,Direct Cached,0.4627704620361328,120
14,2,Incremental Cached,0.6711483001708984,120
14,3,Direct Cached,4.983663558959961,680
14,3,Incremental Cached,80.42335510253906,680
14,4,Direct Cached,321.164608001709,3060
14,4,Incremental Cached,374.006986618042,3060
15,2,Direct Cached,0.43082237243652344,136
15,2,Incremental Cached,3.7665367126464844,136
15,3,Direct Cached,7.417440414428711,816
15,3,Incremental Cached,123.5206127166748,816
15,4,Direct Cached,227.28610038757324,3876
15,4,Incremental Cached,503.52978706359863,3876
16,2,Direct Cached,0.6737709045410156,153
16,2,Incremental Cached,1.0187625885009766,153
16,3,Direct Cached,112.66398429870605,969
16,3,Incremental Cached,127.58469581604004,969
16,4,Direct Cached,305.9871196746826,4845
16,4,Incremental Cached,621.5002536773682,4845
17,2,Direct Cached,0.7274150848388672,171
17,2,Incremental Cached,4.626274108886719,171
17,3,Direct Cached,112.95437812805176,1140
17,3,Incremental Cached,131.0286521911621,1140
17,4,Direct Cached,577.0375728607178,5985
17,4,Incremental Cached,772.9358673095703,5985
18,2,Direct Cached,0.926971435546875,190
18,2,Incremental Cached,1.5354156494140625,190
18,3,Direct Cached,113.63577842712402,1330
18,3,Incremental Cached,138.20195198059082,1330
18,4,Direct Cached,581.3663005828857,7315
18,4,Incremental Cached,1077.7156352996826,7315
19,2,Direct Cached,1.253366470336914,210
19,2,Incremental Cached,2.2089481353759766,210
19,3,Direct Cached,119.69470977783203,1540
19,3,Incremental Cached,158.4787368774414,1540
19,4,Direct Cached,905.0476551055908,8855
19,4,Incremental Cached,1352.747917175293,8855
