,b,l,acc
0,0.0,0.9,0.999
1,0.0,0.92,0.998
2,0.0,0.9400000000000001,0.994
3,0.0,0.9600000000000001,0.991
4,0.0,0.9800000000000001,0.97
5,0.0,1.0,0.75
6,0.0,1.02,0.975
7,0.0,1.04,0.994
8,0.0,1.06,0.997
9,0.0,1.08,0.999
10,0.0,1.1,0.998
11,0.03,0.9,1.0
12,0.03,0.92,0.999
13,0.03,0.9400000000000001,0.996
14,0.03,0.9600000000000001,0.985
15,0.03,0.9800000000000001,0.95
16,0.03,1.0,0.449
17,0.03,1.02,0.944
18,0.03,1.04,0.982
19,0.03,1.06,0.983
20,0.03,1.08,0.993
21,0.03,1.1,1.0
22,0.06,0.9,0.998
23,0.06,0.92,0.998
24,0.06,0.9400000000000001,0.991
25,0.06,0.9600000000000001,0.971
26,0.06,0.9800000000000001,0.937
27,0.06,1.0,0.321
28,0.06,1.02,0.933
29,0.06,1.04,0.973
30,0.06,1.06,0.986
31,0.06,1.08,0.994
32,0.06,1.1,0.999
33,0.09,0.9,0.998
34,0.09,0.92,0.999
35,0.09,0.9400000000000001,0.994
36,0.09,0.9600000000000001,0.988
37,0.09,0.9800000000000001,0.946
38,0.09,1.0,0.419
39,0.09,1.02,0.94
40,0.09,1.04,0.963
41,0.09,1.06,0.985
42,0.09,1.08,0.998
43,0.09,1.1,0.997
44,0.12,0.9,0.999
45,0.12,0.92,0.997
46,0.12,0.9400000000000001,0.999
47,0.12,0.9600000000000001,0.996
48,0.12,0.9800000000000001,0.978
49,0.12,1.0,0.959
50,0.12,1.02,0.973
51,0.12,1.04,0.986
52,0.12,1.06,0.994
53,0.12,1.08,0.993
54,0.12,1.1,0.996
55,0.15,0.9,0.999
56,0.15,0.92,1.0
57,0.15,0.9400000000000001,0.996
58,0.15,0.9600000000000001,0.998
59,0.15,0.9800000000000001,0.996
60,0.15,1.0,0.996
61,0.15,1.02,0.991
62,0.15,1.04,0.995
63,0.15,1.06,0.996
64,0.15,1.08,0.994
65,0.15,1.1,0.999
66,0.18,0.9,1.0
67,0.18,0.92,0.999
68,0.18,0.9400000000000001,0.999
69,0.18,0.9600000000000001,0.998
70,0.18,0.9800000000000001,0.997
71,0.18,1.0,0.998
72,0.18,1.02,0.997
73,0.18,1.04,0.996
74,0.18,1.06,0.996
75,0.18,1.08,0.998
76,0.18,1.1,0.997
77,0.21,0.9,1.0
78,0.21,0.92,1.0
79,0.21,0.9400000000000001,0.999
80,0.21,0.9600000000000001,0.998
81,0.21,0.9800000000000001,0.998
82,0.21,1.0,0.999
83,0.21,1.02,0.996
84,0.21,1.04,0.998
85,0.21,1.06,1.0
86,0.21,1.08,0.999
87,0.21,1.1,0.999
88,0.24,0.9,0.999
89,0.24,0.92,1.0
90,0.24,0.9400000000000001,1.0
91,0.24,0.9600000000000001,1.0
92,0.24,0.9800000000000001,0.999
93,0.24,1.0,1.0
94,0.24,1.02,1.0
95,0.24,1.04,0.999
96,0.24,1.06,0.998
97,0.24,1.08,0.998
98,0.24,1.1,1.0
99,0.27,0.9,1.0
100,0.27,0.92,1.0
101,0.27,0.9400000000000001,1.0
102,0.27,0.9600000000000001,0.998
103,0.27,0.9800000000000001,0.998
104,0.27,1.0,0.998
105,0.27,1.02,0.999
106,0.27,1.04,1.0
107,0.27,1.06,1.0
108,0.27,1.08,0.998
109,0.27,1.1,1.0
110,0.3,0.9,0.999
111,0.3,0.92,1.0
112,0.3,0.9400000000000001,1.0
113,0.3,0.9600000000000001,0.999
114,0.3,0.9800000000000001,0.999
115,0.3,1.0,0.998
116,0.3,1.02,0.999
117,0.3,1.04,1.0
118,0.3,1.06,0.998
119,0.3,1.08,1.0
120,0.3,1.1,1.0
