epoch,step,train_loss
0,49,0.6230945587158203
0,99,0.6340025663375854
0,149,0.6453142166137695
0,199,0.7345913052558899
0,249,0.6158962845802307
0,299,0.6315305233001709
0,349,0.6947075128555298
0,399,0.736635684967041
0,449,0.639909565448761
0,499,0.6452471017837524
0,549,0.6952756643295288
0,599,0.6986722350120544
0,649,0.6984443664550781
0,699,0.600164532661438
0,749,0.8292178511619568
0,799,0.6954944729804993
0,849,0.6974514126777649
0,899,0.7025717496871948
0,949,0.6249936819076538
0,999,0.7114635705947876
0,1049,0.7539910078048706
0,1099,0.6210702061653137
0,1149,0.6888801455497742
0,1199,0.7518748044967651
0,1249,0.6383287906646729
1,1299,0.632358729839325
1,1349,0.6316952705383301
1,1399,0.6483760476112366
1,1449,0.7002926468849182
1,1499,0.6075409054756165
1,1549,0.7181826829910278
1,1599,0.6266903281211853
1,1649,0.6361496448516846
1,1699,0.6866689324378967
1,1749,0.6117169857025146
1,1799,0.7108322381973267
1,1849,0.6282142400741577
1,1899,0.6067183613777161
1,1949,0.6511979699134827
1,1999,0.6477934122085571
1,2049,0.7050650119781494
1,2099,0.6580990552902222
1,2149,0.7208553552627563
1,2199,0.7302114963531494
1,2249,0.6374884247779846
1,2299,0.7923347353935242
